query_idx,ef_true,RV_unw,RV_log
1730,2000,0.087672,0.229015
3464,1600,0.102068,0.229484
662,800,0.124788,0.242085
6236,1300,0.060061,0.163021
9488,350,0.134965,0.216124
2113,50,0.310858,0.370217
457,100,0.186434,0.35193
2411,50,0.179257,0.357945
3127,50,0.399844,0.387947
758,200,0.122387,0.306297
3863,50,0.314445,0.543973
7848,1300,0.119322,0.216632
1537,1800,0.0668005,0.205495
8819,50,0.31102,0.537853
3537,2000,0.0885943,0.238689
2606,50,0.22188,0.294113
7810,2000,0.109556,0.169343
8934,50,0.36682,0.601573
5896,100,0.178713,0.252085
6485,150,0.181414,0.397793
2463,150,0.199181,0.239064
9611,50,0.40553,0.466126
8876,400,0.12624,0.240205
4629,850,0.0846542,0.215908
5430,50,0.303608,0.48456
1327,400,0.116803,0.203688
3742,50,0.360738,0.489119
409,2000,0.0849024,0.220436
3272,50,0.465517,0.600961
1207,2000,0.0703964,0.205237
9981,50,0.238994,0.562648
8017,100,0.268029,0.405631
6689,150,0.2343,0.318995
26,100,0.240107,0.307482
9529,2000,0.112303,0.310279
4768,50,0.408351,0.592672
7856,600,0.115357,0.238558
3287,2000,0.105074,0.2167
2192,100,0.244299,0.354323
7713,100,0.21997,0.281743
7057,250,0.198846,0.278424
3714,100,0.22515,0.254646
9552,100,0.138702,0.278197
1544,50,0.213943,0.338349
3294,100,0.241254,0.333448
1193,300,0.220218,0.305055
4826,100,0.274936,0.247938
2631,2000,0.143002,0.229358
2111,50,0.352381,0.44369
8093,1650,0.144103,0.325254
4581,350,0.195014,0.347836
5049,50,0.1992,0.279719
5446,550,0.193303,0.278368
8484,50,0.254574,0.322241
3885,50,0.259573,0.318597
5098,50,0.242634,0.572997
8008,2000,0.184522,0.267468
4623,50,0.281428,0.438019
3733,1300,0.0948387,0.226127
7324,300,0.11311,0.289817
6711,900,0.140891,0.311004
2966,2000,0.173913,0.248588
5217,100,0.218687,0.252457
3812,50,0.182927,0.333554
2822,200,0.173575,0.224091
8276,150,0.187015,0.253434
2987,50,0.370764,0.603157
3868,2000,0.079024,0.1768
1926,900,0.0799791,0.246535
1351,50,0.340434,0.580598
2107,150,0.137338,0.21449
3453,1200,0.13276,0.250647
3674,50,0.223492,0.415549
7538,450,0.112975,0.318129
4350,200,0.169528,0.276383
8998,1950,0.0906032,0.208474
5097,50,0.181754,0.34971
2718,50,0.267404,0.431704
4543,100,0.508588,0.434088
8877,50,0.36383,0.538209
2836,50,0.424658,0.279316
8791,100,0.237367,0.371295
2782,50,0.319972,0.413302
1279,50,0.201075,0.265959
6442,50,0.225363,0.335227
1447,900,0.100167,0.244407
2872,2000,0.129422,0.212872
6269,100,0.214232,0.339397
7302,50,0.421298,0.376748
9793,300,0.240613,0.193675
5191,50,0.351838,0.379478
4608,2000,0.091632,0.267702
1999,650,0.128136,0.257412
1023,2000,0.0744425,0.192965
9225,950,0.220339,0.267047
2391,700,0.15335,0.259811
1874,200,0.171649,0.258182
9114,50,0.373476,0.42482
8238,50,0.202614,0.334973
4265,100,0.155517,0.229065
9495,300,0.110613,0.268712
3682,50,0.349384,0.464598
6974,100,0.345164,0.489676
6453,200,0.119448,0.230831
8476,900,0.0756739,0.221193
2309,50,0.388799,0.505572
8263,50,0.230954,0.474593
6020,50,0.334701,0.51968
1216,100,0.2287,0.399369
1012,50,0.167506,0.260594
5012,1650,0.167314,0.20178
1339,50,0.345455,0.3511
7181,150,0.147484,0.229604
4233,300,0.0876578,0.191756
8649,150,0.168207,0.373072
2926,150,0.143857,0.278381
5022,2000,0.0845588,0.371071
5286,100,0.229993,0.260234
9916,100,0.150699,0.248377
6785,50,0.373178,0.424168
3300,50,0.280396,0.374165
555,50,0.28797,0.41956
3444,1450,0.0790785,0.293919
315,250,0.359301,0.398285
563,200,0.191083,0.248984
9629,50,0.197386,0.236632
9523,50,0.322409,0.469755
6979,200,0.101436,0.229136
9468,50,0.168444,0.412703
2544,250,0.113347,0.222431
5333,100,0.226804,0.312495
9877,50,0.174394,0.295592
687,100,0.316195,0.379153
7068,2000,0.0929657,0.19338
2754,800,0.115746,0.238042
8126,50,0.139356,0.403774
8440,150,0.294547,0.255851
4217,1050,0.110827,0.254294
1925,50,0.277412,0.418893
6106,100,0.193395,0.383206
9166,50,0.245166,0.419493
4397,50,0.441684,0.547312
6060,2000,0.0988391,0.226808
8971,50,0.463103,0.344592
2060,1900,0.0729927,0.20593
2565,50,0.57725,0.645775
4522,150,0.237256,0.196439
1573,50,0.253884,0.381296
9555,100,0.213656,0.253778
4524,50,0.159985,0.443898
6186,600,0.0816764,0.210106
1509,1600,0.122687,0.237299
8049,200,0.149384,0.299989
6896,100,0.342901,0.447926
1771,2000,0.108228,0.218568
5379,50,0.30352,0.454464
3401,100,0.352705,0.390313
1347,1050,0.171675,0.24693
3745,50,0.311581,0.366298
2556,50,0.237937,0.448303
3254,50,0.193455,0.399362
5042,200,0.189738,0.267526
4724,150,0.197927,0.333827
9449,50,0.228748,0.572044
9115,950,0.172164,0.224209
938,1750,0.144989,0.324153
8623,50,0.288288,0.442741
5933,50,0.195205,0.292962
2137,550,0.0846481,0.203939
273,50,0.155908,0.281629
7782,50,0.277503,0.342072
503,50,0.181594,0.569224
872,50,0.265778,0.165162
9059,50,0.316705,0.461033
4510,200,0.186939,0.323042
1585,50,0.257434,0.434977
6542,650,0.235951,0.293286
3549,100,0.160752,0.289165
9332,150,0.213967,0.230744
488,950,0.0832015,0.203515
7214,50,0.344922,0.357251
5018,50,0.261224,0.554005
8314,50,0.241026,0.371149
9257,2000,0.0837639,0.2577
141,50,0.385158,0.575792
4595,50,0.183891,0.259631
5695,1500,0.0873333,0.182619
4579,2000,0.12214,0.254849
7527,50,0.128551,0.261031
9321,100,0.315993,0.396357
239,650,0.0937805,0.283032
5485,150,0.176711,0.377474
4188,50,0.191584,0.374262
7689,100,0.169656,0.206751
1027,50,0.378158,0.571324
9496,50,0.408928,0.6207
6090,100,0.336868,0.357891
4702,300,0.114083,0.204127
7879,300,0.194124,0.224301
4760,350,0.159301,0.25386
1146,2000,0.0952692,0.231432
6960,50,0.249711,0.482933
351,2000,0.15793,0.247988
1525,2000,0.0820765,0.190658
9753,500,0.180906,0.152718
9619,550,0.132582,0.250756
9715,500,0.132082,0.209938
5717,100,0.320503,0.423042
2452,50,0.214981,0.307059
7907,50,0.265143,0.310128
2356,100,0.238041,0.340766
9868,50,0.520315,0.626702
8833,250,0.139356,0.234414
4525,50,0.161508,0.334139
4990,50,0.387833,0.53079
8237,50,0.206959,0.410433
9067,50,0.314631,0.516376
8468,50,0.251313,0.287357
1029,1350,0.107622,0.192569
251,50,0.294887,0.536801
4733,50,0.268205,0.354213
4528,400,0.153032,0.296084
817,1800,0.0947065,0.187584
3074,2000,0.073612,0.189167
5494,50,0.19309,0.310073
102,1500,0.112066,0.249652
3267,50,0.42376,0.461351
4610,2000,0.113573,0.220248
4540,50,0.208321,0.364654
8958,300,0.106333,0.278623
3111,1500,0.0789629,0.191065
2860,2000,0.0889507,0.195532
5053,50,0.329213,0.348557
1616,50,0.27355,0.378426
6331,50,0.133583,0.283226
4979,750,0.122954,0.296088
6202,50,0.302989,0.557134
4511,400,0.0772579,0.258203
3969,450,0.163408,0.203832
7737,50,0.288499,0.38429
6520,50,0.392624,0.527173
1147,700,0.0909725,0.220416
4533,100,0.140828,0.317606
2053,50,0.317208,0.426289
6722,50,0.229515,0.35805
9187,50,0.438758,0.607384
1853,50,0.351362,0.430309
236,100,0.129496,0.204619
1393,100,0.267843,0.406352
56,200,0.143369,0.250642
